Email,First Name,Company,Role
sarah.connor@cyberdyne.io,Sarah,Cyberdyne Systems,Head of Operations
alex.chen@innovatetech.ai,Alex,Innovate Tech,VP Engineering
priya.patel@growthscale.co,Priya,GrowthScale,Chief Revenue Officer
marcus.vance@vortexflow.com,Marcus,Vortex Flow,Director of Demand Gen
elena.rostova@hyperdrive.dev,Elena,HyperDrive Dev,Lead AI Architect
jordan.bell@apexpartners.org,Jordan,Apex Partners,Managing Director
david.kim@nexuscloud.net,David,Nexus Cloud,Cloud Infrastructure Lead
claire.dunphy@modernoutreach.io,Claire,Modern Outreach,Head of Marketing
rachel.green@fashionforward.co,Rachel,Fashion Forward,Growth Lead
tony.stark@starkenterprises.ai,Tony,Stark Enterprises,CTO
